filename,target,category
c4fc44495d95.wav,1,rooster
450a99196774.wav,24,coughing
f94024bd4f59.wav,44,engine
17fa5d8df2c9.wav,33,door_wood_creaks
6612100f4c9d.wav,7,insects
e50f69dbb412.wav,22,clapping
d729bc8f2b39.wav,47,airplane
5931fd49f322.wav,14,chirping_birds
cc3162975490.wav,10,rain
4e0d62e19b40.wav,17,pouring_water
23133c271ed7.wav,27,brushing_teeth
5a084cbf96c7.wav,18,toilet_flush
7fdac24791a1.wav,24,coughing
da3eb75e6d7c.wav,26,laughing
341a503d2ec4.wav,2,pig
315450f4f7ab.wav,49,hand_saw
03123ac0184e.wav,43,car_horn
ffd66df27996.wav,30,door_wood_knock
4356ba85e32d.wav,0,dog
fc1b3717427b.wav,44,engine
7d0bfadaf296.wav,0,dog
eabc68e7b881.wav,17,pouring_water
37a3ca9f97f8.wav,18,toilet_flush
c1a43fe487b5.wav,42,siren
18eb8362f3af.wav,6,hen
e93e17695b5f.wav,34,can_opening
453ceb3a4c63.wav,22,clapping
33a8fb714d34.wav,30,door_wood_knock
c1a13f94d7fe.wav,2,pig
fed9d9d76cf1.wav,30,door_wood_knock
c7fd119ba6d8.wav,27,brushing_teeth
18cc5a5108ef.wav,16,wind
aacfbc8b7654.wav,6,hen
5f1ddaa73f66.wav,11,sea_waves
609e10963cbe.wav,17,pouring_water
91c06209e7fb.wav,20,crying_baby
9d4bb0cfead4.wav,22,clapping
6ac739d690c5.wav,25,footsteps
32e6e7852576.wav,37,clock_alarm
55ad7cc348ea.wav,14,chirping_birds
e6e24ff94b14.wav,11,sea_waves
a94ba705bec2.wav,12,crackling_fire
8e62d3ef46a2.wav,4,frog
041dcc4f9006.wav,38,clock_tick
bed8e0fd6a87.wav,17,pouring_water
83a3219e0d6d.wav,42,siren
2c373f0c40aa.wav,0,dog
2556075a1665.wav,25,footsteps
3bbb8c230c40.wav,12,crackling_fire
d29bbf3a6c13.wav,1,rooster
1e2d0390704c.wav,11,sea_waves
98d36ce4f266.wav,6,hen
a51e744a082e.wav,33,door_wood_creaks
d71a91d137f0.wav,8,sheep
ef5a00a0e3c2.wav,21,sneezing
d017c8ecb640.wav,42,siren
f1ea3f13e857.wav,32,keyboard_typing
4ce10788d025.wav,12,crackling_fire
01430e9dce24.wav,38,clock_tick
d19fa35a79e0.wav,32,keyboard_typing
43ea856ff8f9.wav,4,frog
3b187132a1bf.wav,36,vacuum_cleaner
220a5f87891f.wav,9,crow
413d1a783588.wav,46,church_bells
8782ef66c9b0.wav,4,frog
c02653addb37.wav,45,train
933c731a571b.wav,9,crow
17a2473e9ce5.wav,9,crow
39084cc8210a.wav,29,drinking_sipping
5e9f902339d8.wav,41,chainsaw
043616c1fc83.wav,34,can_opening
6f0674bd554d.wav,19,thunderstorm
86a28d943134.wav,0,dog
4e48816fffec.wav,11,sea_waves
57320e87639d.wav,46,church_bells
e572a7a1548d.wav,15,water_drops
119c469e87b6.wav,3,cow
516f3a0a40d5.wav,39,glass_breaking
dc454924a326.wav,27,brushing_teeth
724d3bf78e0a.wav,21,sneezing
fd5b758e47d5.wav,43,car_horn
d36f94fe5f4d.wav,6,hen
069ed7fc2739.wav,8,sheep
dde468463801.wav,16,wind
8c0ca1ec143f.wav,30,door_wood_knock
7dc2ca2f89d2.wav,41,chainsaw
80ab3cd9c422.wav,47,airplane
90a922c2ba23.wav,18,toilet_flush
bf3985f40da6.wav,48,fireworks
95b919d6c7a7.wav,25,footsteps
02de5a6fc6f1.wav,36,vacuum_cleaner
5f6db03077cc.wav,23,breathing
4d0897e22424.wav,18,toilet_flush
b423a56d778f.wav,33,door_wood_creaks
0bf114c825bd.wav,31,mouse_click
d1ce58ff1ab8.wav,37,clock_alarm
c4f85f23c2f3.wav,40,helicopter
696cdf9bfee4.wav,22,clapping
f882ea7d96bd.wav,3,cow
7e173c83681a.wav,26,laughing
92c36878c5f0.wav,12,crackling_fire
244a4003e8f3.wav,0,dog
acf23b421096.wav,46,church_bells
98942921ad47.wav,6,hen
79cbbf6b4057.wav,44,engine
b2e0d15ee545.wav,39,glass_breaking
6bea2e21221b.wav,15,water_drops
dc24f8b0a2c1.wav,37,clock_alarm
d934500ce6c3.wav,10,rain
da1f0e61cc82.wav,24,coughing
dd3b5740f18b.wav,11,sea_waves
ae1f04fb53ba.wav,11,sea_waves
f856ff86e143.wav,29,drinking_sipping
e6d7a93e43ab.wav,8,sheep
c064096c2956.wav,49,hand_saw
f9e974bb5e89.wav,49,hand_saw
d699e16f28bd.wav,3,cow
6883d056fb98.wav,33,door_wood_creaks
3cc959e610c0.wav,16,wind
2afda532735c.wav,1,rooster
8b818ee4a7c4.wav,28,snoring
45d793cc38d1.wav,44,engine
e860b2dbf6dc.wav,12,crackling_fire
4fa043fa5b7c.wav,8,sheep
7a99426ca0b0.wav,17,pouring_water
61ab2976b7f2.wav,6,hen
48d6c5cdd33f.wav,11,sea_waves
4004c9a881cb.wav,6,hen
a57c892edad5.wav,15,water_drops
39e42d4fb57a.wav,29,drinking_sipping
de80c35803a5.wav,26,laughing
7da766800977.wav,48,fireworks
729b5b8554aa.wav,37,clock_alarm
84a08cd64ce3.wav,48,fireworks
bb91a336a14a.wav,29,drinking_sipping
89adc51bafcb.wav,2,pig
47150306c80e.wav,8,sheep
28d88e27f718.wav,41,chainsaw
9f8461821ab9.wav,25,footsteps
ae81f7508a32.wav,35,washing_machine
8d7826fa92b1.wav,39,glass_breaking
c199b9b5fe1c.wav,25,footsteps
b8dd1ee095c2.wav,35,washing_machine
1d84e3caa633.wav,29,drinking_sipping
76b9d351be07.wav,29,drinking_sipping
9784c39269bc.wav,19,thunderstorm
5e4ff299748d.wav,1,rooster
ec5c3db79b7b.wav,25,footsteps
5595824dad3d.wav,0,dog
8de49f083395.wav,47,airplane
e8d33fda5346.wav,1,rooster
20790ab1d3af.wav,20,crying_baby
1ffe9d4e65de.wav,29,drinking_sipping
272527d908b5.wav,16,wind
bc6f6de5cf2c.wav,36,vacuum_cleaner
72c4eda89976.wav,15,water_drops
ea696bd35ef9.wav,48,fireworks
bca3cc860cb9.wav,26,laughing
4950e619b751.wav,35,washing_machine
884867c390ef.wav,48,fireworks
38326f606ef5.wav,18,toilet_flush
17ef6c7d3a90.wav,22,clapping
849442d5bdb7.wav,43,car_horn
c9348a00f2d8.wav,10,rain
6bdf8bc41ef1.wav,17,pouring_water
69746d202af4.wav,42,siren
a185049d0f7e.wav,35,washing_machine
3214effbf413.wav,42,siren
b0ab63bff559.wav,30,door_wood_knock
446724cf8513.wav,12,crackling_fire
f35015bb1414.wav,10,rain
707dd2a206c0.wav,18,toilet_flush
64bf338a2bc1.wav,15,water_drops
3b2a825b7d39.wav,43,car_horn
0aea0285b350.wav,42,siren
dd99392d5aaf.wav,16,wind
b32ad2cede1b.wav,32,keyboard_typing
19189ce3e99a.wav,0,dog
cf36a1243dbc.wav,6,hen
c842c367cfb7.wav,48,fireworks
73e5b2da0763.wav,2,pig
2b3d2bd3d8da.wav,5,cat
23bf88f84cd3.wav,5,cat
0a03d3819b51.wav,0,dog
8dd6acfe6ea8.wav,5,cat
c75d5c2ca2da.wav,28,snoring
9dfb0886911b.wav,38,clock_tick
3a1f3c2ea377.wav,11,sea_waves
5294b3496a0a.wav,10,rain
83048b356fe9.wav,9,crow
58a3a3dc24a4.wav,47,airplane
09252e5e02e2.wav,14,chirping_birds
4250d602b45c.wav,25,footsteps
cf0671ec0ac7.wav,49,hand_saw
03be6307bc7e.wav,28,snoring
d073490db6b6.wav,32,keyboard_typing
5d91c8be9a0a.wav,28,snoring
cb6a279af5f0.wav,35,washing_machine
5fab4c0a3955.wav,18,toilet_flush
8bf993f205c7.wav,33,door_wood_creaks
a5a1ea70e3e5.wav,28,snoring
173bdf2d00c6.wav,15,water_drops
79d79c345fe5.wav,38,clock_tick
19094acba58d.wav,6,hen
14166369c185.wav,5,cat
0f37d86a4c8b.wav,8,sheep
ccd98c03d4a6.wav,34,can_opening
4b96fbd844b9.wav,43,car_horn
1502304c90e1.wav,11,sea_waves
0e5be90c79ba.wav,10,rain
fab78a934e21.wav,3,cow
69137f824e5b.wav,1,rooster
c2d5d2522a24.wav,21,sneezing
2b41cc44d5c6.wav,10,rain
39becaaed7eb.wav,31,mouse_click
c82b4660c437.wav,0,dog
6d9e9d0540eb.wav,15,water_drops
4a1ac7118334.wav,6,hen
c196218d7ee7.wav,38,clock_tick
a483b3c07306.wav,31,mouse_click
d25894230a11.wav,39,glass_breaking
4981690c5bb5.wav,17,pouring_water
a206631b88dd.wav,6,hen
6605d66edd26.wav,44,engine
f6442d9c97c0.wav,1,rooster
78c4851e23ba.wav,41,chainsaw
ca55ec72a23a.wav,36,vacuum_cleaner
e7774e31306f.wav,24,coughing
775ee808673d.wav,28,snoring
2ac30a0030ff.wav,25,footsteps
97bf3276b4dd.wav,23,breathing
61a95c04805f.wav,31,mouse_click
820dc66b21a3.wav,16,wind
98d844105966.wav,25,footsteps
98f2302dbc0c.wav,23,breathing
a501560372b1.wav,27,brushing_teeth
90560d0a2477.wav,43,car_horn
3e99f297bcc4.wav,27,brushing_teeth
ec08ed2caa21.wav,6,hen
a589a49caa80.wav,31,mouse_click
6b9ceec7a9a9.wav,26,laughing
12d9925161ba.wav,1,rooster
6ea7965994f0.wav,2,pig
9c4c051bbf6b.wav,26,laughing
365996805a92.wav,16,wind
757e7c225dea.wav,21,sneezing
2f48ffb24135.wav,15,water_drops
928247ff64c5.wav,2,pig
1d7cf61eadc5.wav,0,dog
c5c017984e07.wav,49,hand_saw
2660911603fa.wav,38,clock_tick
7e9ad611dbb6.wav,14,chirping_birds
7f6b8c925d26.wav,20,crying_baby
fabdaba0e799.wav,21,sneezing
2ae402a392ae.wav,2,pig
59a087c88057.wav,22,clapping
b285ed66b624.wav,27,brushing_teeth
3f8d76028cf3.wav,21,sneezing
70cee423f151.wav,9,crow
e9ff23689b86.wav,4,frog
781e13a0980c.wav,25,footsteps
4b565bcb9550.wav,29,drinking_sipping
5b2eb8895648.wav,10,rain
2ccf781331c8.wav,4,frog
a610e4ace41e.wav,47,airplane
136d334b4e28.wav,9,crow
2510a98cd57e.wav,18,toilet_flush
e472090de3e3.wav,48,fireworks
580671b0cba6.wav,12,crackling_fire
f9ee74c44c01.wav,26,laughing
ad06298e4da3.wav,38,clock_tick
9d8d1d9123f3.wav,19,thunderstorm
8be2c6730dcb.wav,44,engine
84ec05ca9163.wav,40,helicopter
2d9f0c2c6ad0.wav,19,thunderstorm
abfc263c4925.wav,45,train
c4f705db2ec4.wav,39,glass_breaking
a584c195b477.wav,31,mouse_click
c218df25ed84.wav,20,crying_baby
35dd8b183bd1.wav,4,frog
30a9c9196f03.wav,11,sea_waves
cbe5fdf689e2.wav,11,sea_waves
0c68ba7e13e4.wav,37,clock_alarm
e9e4efef37f1.wav,20,crying_baby
50bf13f79df4.wav,7,insects
ff119da508bf.wav,30,door_wood_knock
a2b0c80815ec.wav,17,pouring_water
17c2b7cf9dec.wav,11,sea_waves
938c3b844e2f.wav,19,thunderstorm
067325a98a51.wav,3,cow
13c295cb753c.wav,38,clock_tick
3c2235ac8e94.wav,38,clock_tick
35dcc65e1eaf.wav,7,insects
48f3102e2765.wav,36,vacuum_cleaner
5265f432f7cf.wav,31,mouse_click
06c294fcc34e.wav,46,church_bells
b47b877b7151.wav,17,pouring_water
707f3aaa33f4.wav,2,pig
ce383d271b2a.wav,25,footsteps
efd5c40b044f.wav,5,cat
e9d862216bc9.wav,1,rooster
ade8f1adccce.wav,34,can_opening
55c8e603c2a3.wav,3,cow
5cc4ef52ff0a.wav,11,sea_waves
f2292e4fac18.wav,23,breathing
e83d7eb9b077.wav,1,rooster
96ba01c34768.wav,3,cow
03ed7fdb36a3.wav,7,insects
ddcdfac4de0a.wav,8,sheep
2602b5a0e061.wav,49,hand_saw
8253c60cdcff.wav,8,sheep
3526a2561a15.wav,4,frog
0da65a96edf3.wav,41,chainsaw
d6fa0f2d0bd3.wav,7,insects
556b7f7d3683.wav,8,sheep
9feea4497eee.wav,26,laughing
075badd4de47.wav,42,siren
fc9412a49c9e.wav,14,chirping_birds
c8547fbc14fa.wav,22,clapping
ddf730c981a7.wav,31,mouse_click
831e915efcf0.wav,28,snoring
1a8eb267b417.wav,38,clock_tick
5f6419e2be07.wav,39,glass_breaking
a08173263818.wav,19,thunderstorm
bd96b7199655.wav,31,mouse_click
c2c56886008d.wav,21,sneezing
1319afd35088.wav,0,dog
02d2606cfe3f.wav,45,train
bacba4405edc.wav,6,hen
d9edd0782cd4.wav,13,crickets
be6e29bd39ac.wav,13,crickets
1590e2aa1147.wav,0,dog
3e72bf1c0933.wav,21,sneezing
ba3a809d68d2.wav,34,can_opening
efa181cb604c.wav,7,insects
a7954206b6ec.wav,21,sneezing
e85a96a087f3.wav,24,coughing
a771653212a0.wav,38,clock_tick
fa4e62810139.wav,41,chainsaw
43a646887e0b.wav,9,crow
63f3090ba1fd.wav,7,insects
ce4e3b5aa44f.wav,41,chainsaw
aa22556a51ed.wav,9,crow
6d4a736cacdc.wav,4,frog
1717abcfdf48.wav,25,footsteps
5128e74a3c46.wav,15,water_drops
ad3625391794.wav,36,vacuum_cleaner
4b30ad326d4e.wav,5,cat
da933811006e.wav,14,chirping_birds
fb91e7ca3b1a.wav,46,church_bells
6afc8a36cbe7.wav,21,sneezing
ca5a847e8279.wav,27,brushing_teeth
db3400740ba5.wav,32,keyboard_typing
1b488e2da108.wav,39,glass_breaking
1fee7384bbb4.wav,1,rooster
945921aa89e5.wav,1,rooster
80c3a833f1c6.wav,6,hen
0f7ad4724792.wav,20,crying_baby
be522ea0c0fc.wav,28,snoring
f9337abb1dfa.wav,7,insects
247a74c449fb.wav,32,keyboard_typing
eee3080efb3b.wav,34,can_opening
2a9ab204748d.wav,44,engine
f50ff32f1b26.wav,38,clock_tick
10ffff19dc80.wav,31,mouse_click
658645837d2d.wav,19,thunderstorm
35305031cc96.wav,27,brushing_teeth
aee01e12ef60.wav,7,insects
938b1fe0e304.wav,17,pouring_water
81f49f2a447c.wav,19,thunderstorm
f45edec32298.wav,20,crying_baby
cd7e5810c292.wav,45,train
57bbccd0da48.wav,33,door_wood_creaks
978441b2dbc8.wav,37,clock_alarm
014cf9ae99b6.wav,21,sneezing
a1c8acf3a57d.wav,9,crow
667c93e732b8.wav,6,hen
8d5bd75118ce.wav,16,wind
b88f4ae0428d.wav,49,hand_saw
42629eb78c3f.wav,17,pouring_water
dfc977675b03.wav,45,train
818b1a5cc20a.wav,19,thunderstorm
2e7bce4def93.wav,30,door_wood_knock
13fd27807b87.wav,33,door_wood_creaks
2a998ab39a92.wav,0,dog
2d37e71d3e40.wav,11,sea_waves
ca7159715544.wav,19,thunderstorm
17aa1fbb74b9.wav,25,footsteps
31ff8fc11560.wav,8,sheep
0b76bd5a8fa5.wav,18,toilet_flush
5b1cd84e8e02.wav,28,snoring
6309c6c288a0.wav,44,engine
78894faeb540.wav,14,chirping_birds
383371b6ce5f.wav,22,clapping
d790894bd800.wav,9,crow
dfd3bde915de.wav,5,cat
e2e6a309d16d.wav,35,washing_machine
04cf61fa57a5.wav,33,door_wood_creaks
e40e4a9d1cfd.wav,27,brushing_teeth
414069fae49d.wav,37,clock_alarm
c471c7a1039f.wav,34,can_opening
ce65fc087701.wav,0,dog
f4c93d6769f1.wav,46,church_bells
45331c8d1b2f.wav,46,church_bells
1b2eee6c7c7f.wav,32,keyboard_typing
cd75ff3c077d.wav,32,keyboard_typing
9244199a70a5.wav,21,sneezing
772363940d19.wav,21,sneezing
7b0abea89e62.wav,9,crow
0668be82d790.wav,35,washing_machine
eb3f369eac4c.wav,32,keyboard_typing
02b41d37bb9e.wav,37,clock_alarm
92e9ffb3a8db.wav,23,breathing
06e98eb61cf3.wav,3,cow
1f5cb6d65273.wav,6,hen
b4ea67714151.wav,48,fireworks
f86e7ea5953e.wav,30,door_wood_knock
f91063bced67.wav,26,laughing
ac4c81354eaa.wav,24,coughing
b97a3f968eab.wav,24,coughing
5acf4ee54e3e.wav,20,crying_baby
aa340a094b00.wav,14,chirping_birds
7d915350aa87.wav,1,rooster
1bef532ca8e4.wav,12,crackling_fire
9b4576177dc6.wav,38,clock_tick
2b2ef8200319.wav,49,hand_saw
fe393731456f.wav,9,crow
440108a92332.wav,13,crickets
e366dfc0382d.wav,38,clock_tick
4d63bc22607f.wav,26,laughing
dc9a15b81398.wav,42,siren
7ad5892fc4cd.wav,37,clock_alarm
0e939ecd7a12.wav,16,wind
b541ed011e63.wav,11,sea_waves
ee43f077405b.wav,32,keyboard_typing
b28102c4c71f.wav,7,insects
4c1e3d191303.wav,47,airplane
2ddcc1340f59.wav,31,mouse_click
cfd9203f5020.wav,48,fireworks
d8d4ab463352.wav,31,mouse_click
f8a5ba487116.wav,44,engine
f202b1302800.wav,24,coughing
00b9419b9a60.wav,40,helicopter
337cb801c28c.wav,2,pig
a34dda55cf54.wav,44,engine
f97e2d117f2c.wav,32,keyboard_typing
79167e497069.wav,10,rain
f1ea23205b5b.wav,31,mouse_click
89f8d2cea49a.wav,43,car_horn
f308ef8f0e79.wav,25,footsteps
5588014e0027.wav,9,crow
16e363f2629d.wav,9,crow
7962a053f573.wav,10,rain
8e28bc74bf7e.wav,7,insects
fd4604ca72ec.wav,14,chirping_birds
d9baceb1759f.wav,47,airplane
c6c8c6217573.wav,48,fireworks
c992a67927b0.wav,13,crickets
e57c07940440.wav,3,cow
366e16506b94.wav,9,crow
431a47ccc6a2.wav,25,footsteps
853599e6e1b6.wav,5,cat
c66ab4d88915.wav,48,fireworks
4bd24bd3accf.wav,23,breathing
9ee0bfd70778.wav,37,clock_alarm
23470a170c50.wav,44,engine
701df65da01a.wav,25,footsteps
be90c0ea9b5b.wav,46,church_bells
58f6a5e18fda.wav,13,crickets
317a24ca1108.wav,49,hand_saw
f27a1cf41316.wav,8,sheep
48e258de6582.wav,14,chirping_birds
4e2140a2752f.wav,18,toilet_flush
56257e0b5ed0.wav,35,washing_machine
24ddf6044575.wav,13,crickets
59f1b3702a30.wav,0,dog
3ca6ff058239.wav,35,washing_machine
05bafc940930.wav,39,glass_breaking
3a2f34d9bdb9.wav,5,cat
d225d1e4e33e.wav,48,fireworks
d82d57e6fc0c.wav,14,chirping_birds
8e2f5539a3e1.wav,41,chainsaw
9086a49391d6.wav,33,door_wood_creaks
24d7f17353c0.wav,39,glass_breaking
40d819d22d03.wav,45,train
69ac4561d9bb.wav,30,door_wood_knock
eced328a22ee.wav,26,laughing
c29ea6a89cf5.wav,29,drinking_sipping
78a0f27c97f3.wav,13,crickets
8649863178c8.wav,37,clock_alarm
0f1e6e11e588.wav,7,insects
8bd1bca60e7d.wav,13,crickets
4a52fdde9e0a.wav,35,washing_machine
1566613463ca.wav,2,pig
9b2a682155cf.wav,13,crickets
ecf568a95fd9.wav,45,train
c629b94724c1.wav,23,breathing
fa25ebf3184d.wav,29,drinking_sipping
b6074d6f431f.wav,37,clock_alarm
8c69a7e1a354.wav,1,rooster
978cb6b5b283.wav,15,water_drops
c5ee3c63da6b.wav,45,train
d4be684a6f7b.wav,32,keyboard_typing
eb806ef0bbff.wav,8,sheep
372f6574263a.wav,31,mouse_click
ead3f8b538ac.wav,34,can_opening
9f93ee7401f7.wav,46,church_bells
5e0adb849018.wav,2,pig
73f744a8bcbe.wav,15,water_drops
84a8318fbef8.wav,10,rain
ae83c63c4380.wav,15,water_drops
d71aadabedf2.wav,47,airplane
4071f3a9a7bb.wav,12,crackling_fire
019cfba6621e.wav,46,church_bells
73d7d353ff6e.wav,37,clock_alarm
5397b8c665ef.wav,5,cat
bc7d4aa10e33.wav,3,cow
f3be8ae864d2.wav,41,chainsaw
0bddb015b90a.wav,26,laughing
e91c65e13441.wav,24,coughing
9641f65f208c.wav,0,dog
64b51c3fa559.wav,18,toilet_flush
002196c4ff36.wav,35,washing_machine
b99b0d8f2247.wav,45,train
4bbbf40cd4ff.wav,45,train
b04e7ccc9849.wav,6,hen
7cd4a349831a.wav,47,airplane
de7174a3e8b6.wav,30,door_wood_knock
e554ee331c3c.wav,49,hand_saw
96112bae4131.wav,39,glass_breaking
3f4231b30fba.wav,10,rain
cd3fa13e87e2.wav,11,sea_waves
06898c15578a.wav,37,clock_alarm
6cedd7e5b755.wav,6,hen
6dbd35e3586c.wav,34,can_opening
2cc1ee29fdf0.wav,31,mouse_click
e68153506dc7.wav,42,siren
aa986e744a68.wav,47,airplane
2e632ce85ce6.wav,13,crickets
02764d69101d.wav,44,engine
aa3faf8aba5b.wav,4,frog
7dbcff8e27ef.wav,2,pig
230c271920fd.wav,31,mouse_click
695a6c4276fe.wav,23,breathing
6faf84f492cb.wav,48,fireworks
c4c4f87c229c.wav,20,crying_baby
5349817d17b2.wav,5,cat
d2bfa47eca77.wav,17,pouring_water
b7a8497bc0e8.wav,28,snoring
d0943e133c1f.wav,7,insects
f03e3a71db54.wav,16,wind
7402a90f7baa.wav,29,drinking_sipping
c24e99612148.wav,26,laughing
f7117dc9abc2.wav,21,sneezing
3676ac045bf8.wav,33,door_wood_creaks
1f030e39e900.wav,33,door_wood_creaks
308a63ce9cb9.wav,6,hen
3308838fdeb1.wav,19,thunderstorm
06380762902e.wav,40,helicopter
148a6343efb8.wav,8,sheep
b4d83a5d2684.wav,29,drinking_sipping
acc6212e9e81.wav,19,thunderstorm
f4bcb202d881.wav,7,insects
c266c833d1b4.wav,37,clock_alarm
8edd1b79a433.wav,24,coughing
d6f55e16919c.wav,49,hand_saw
83d1080ba461.wav,45,train
a9a3aaa6ad40.wav,5,cat
61a4e9e04269.wav,28,snoring
9104dce53fd5.wav,37,clock_alarm
7348f9f8b034.wav,27,brushing_teeth
e305692ab609.wav,47,airplane
f550e596479e.wav,19,thunderstorm
5cebd39c02a2.wav,47,airplane
6009df346944.wav,20,crying_baby
ebf91247d6ac.wav,26,laughing
c0ec650963cd.wav,47,airplane
3d69ad4fdf39.wav,6,hen
e40131a3d7a4.wav,48,fireworks
cfc93288644d.wav,10,rain
533e8c0600c3.wav,21,sneezing
b9601247ec21.wav,12,crackling_fire
207042e508fd.wav,24,coughing
463479d5a52c.wav,2,pig
e49428bbe1b3.wav,1,rooster
99dfdbbfbba9.wav,12,crackling_fire
e3fbc9db1065.wav,45,train
c6da79513aa8.wav,24,coughing
386368e61a82.wav,19,thunderstorm
0592f0b80676.wav,15,water_drops
6cde40bc4a05.wav,29,drinking_sipping
b7fd62949ae6.wav,35,washing_machine
0b098c0e19dd.wav,46,church_bells
824e59d05826.wav,28,snoring
9971215101a9.wav,20,crying_baby
0b131147c652.wav,22,clapping
7dc62d2746ec.wav,30,door_wood_knock
973860224bd8.wav,34,can_opening
e00af079e359.wav,4,frog
5d9ebdd9ad34.wav,2,pig
da4183a84be7.wav,49,hand_saw
b166f3d054ad.wav,2,pig
ddfe94744d26.wav,42,siren
89b40d8e8692.wav,29,drinking_sipping
a8008725cb07.wav,1,rooster
5175c9b8ff6e.wav,36,vacuum_cleaner
6cff78283327.wav,48,fireworks
4b1c8e474203.wav,14,chirping_birds
bb14a3cebf28.wav,5,cat
5a89a3fbc222.wav,4,frog
2547eed65338.wav,49,hand_saw
676cc9b6c410.wav,16,wind
aff4eb5123fd.wav,28,snoring
a11d8de2a375.wav,41,chainsaw
a415d18fc446.wav,38,clock_tick
934aa055c486.wav,39,glass_breaking
6831a26f64e9.wav,37,clock_alarm
059127210757.wav,27,brushing_teeth
5bc1f6e6dedf.wav,46,church_bells
ed5be1025d98.wav,15,water_drops
b82f570136db.wav,25,footsteps
a87738238686.wav,4,frog
6600024365e9.wav,24,coughing
5022e38855fe.wav,19,thunderstorm
25a5eecd2557.wav,2,pig
9adcab6de0f2.wav,3,cow
fd435df6800e.wav,37,clock_alarm
63e21a8c1873.wav,26,laughing
bb2df9d7f560.wav,11,sea_waves
e419c5270658.wav,35,washing_machine
a093448906e6.wav,28,snoring
ad3ac837f298.wav,42,siren
5f737eef82b4.wav,31,mouse_click
3c0facf2037a.wav,5,cat
7294a7cef505.wav,23,breathing
cd151765a930.wav,43,car_horn
b8c07878fc54.wav,46,church_bells
c22bf7a99f21.wav,46,church_bells
cf32d37289d4.wav,27,brushing_teeth
699ee354c966.wav,33,door_wood_creaks
6cf5eb4b5f58.wav,34,can_opening
b2e67b6ad6cf.wav,18,toilet_flush
4b813234297f.wav,20,crying_baby
d48609d82b05.wav,28,snoring
d4a04e7d06ae.wav,34,can_opening
3a5516e4bc79.wav,24,coughing
a222f5864494.wav,2,pig
2180fff61205.wav,6,hen
81e1d573958a.wav,1,rooster
0f71200f5c12.wav,7,insects
bf77475ea398.wav,24,coughing
45b66cb634e6.wav,16,wind
781bf4c6a791.wav,5,cat
da22b6a27ef0.wav,32,keyboard_typing
411a0cb968a0.wav,19,thunderstorm
b2210cba508b.wav,27,brushing_teeth
c7ceb7e6d340.wav,23,breathing
e6b7aa0a2c03.wav,36,vacuum_cleaner
cfa7fc2f7e3d.wav,28,snoring
4827c52eb1d8.wav,4,frog
ead56d8ab680.wav,30,door_wood_knock
7f829b8063fe.wav,29,drinking_sipping
9b097c63c840.wav,2,pig
4ffc6257d45b.wav,20,crying_baby
2a6d1713fecc.wav,0,dog
e3b9e96a9d32.wav,13,crickets
6f5b62229913.wav,15,water_drops
e553a4da67ee.wav,14,chirping_birds
3c0560afa149.wav,40,helicopter
003acc59d969.wav,49,hand_saw
c37862b568b0.wav,7,insects
5c91e14480e5.wav,43,car_horn
2b64220305fa.wav,20,crying_baby
85a53241e39a.wav,11,sea_waves
abb935759398.wav,21,sneezing
c6b123bba571.wav,8,sheep
2b9ab4bf8073.wav,26,laughing
a7e35baf455b.wav,17,pouring_water
5c91591d1434.wav,31,mouse_click
884d8dff6edd.wav,32,keyboard_typing
aaecc096a553.wav,3,cow
6be028b17162.wav,49,hand_saw
ecbc3cdf8b52.wav,33,door_wood_creaks
8e430c51f72a.wav,48,fireworks
a56e194843f2.wav,33,door_wood_creaks
fc2888d0120a.wav,30,door_wood_knock
a1ba905b4e8a.wav,16,wind
9d6ea869fe42.wav,29,drinking_sipping
6774cfab5c79.wav,7,insects
ee69d6e9415a.wav,29,drinking_sipping
9388436b6e5b.wav,3,cow
43234d614df9.wav,30,door_wood_knock
6d3c9e764c9c.wav,25,footsteps
5da267930720.wav,44,engine
32f4fcb22c7d.wav,31,mouse_click
b1214994256e.wav,41,chainsaw
6804b1ef59ae.wav,23,breathing
33c76b19cde3.wav,6,hen
22f7dd0a95e1.wav,12,crackling_fire
f60bf274e77c.wav,4,frog
6daa2c29b89b.wav,3,cow
b2c0fdec1c19.wav,8,sheep
523f86a03d43.wav,38,clock_tick
6e6788908cd7.wav,10,rain
12c219d25272.wav,13,crickets
de7ed7376ff2.wav,3,cow
b1d04881e95f.wav,1,rooster
4bb95a89359a.wav,14,chirping_birds
e569870ce087.wav,0,dog
2ab77a6c131e.wav,45,train
d93833e07b0e.wav,41,chainsaw
f4af52b95150.wav,36,vacuum_cleaner
5b85907b34a9.wav,38,clock_tick
85bd302341a8.wav,24,coughing
aada4e83a6db.wav,40,helicopter
544f95cfa39e.wav,25,footsteps
995753be4b31.wav,15,water_drops
85fb1c187c58.wav,24,coughing
8d084bf7b3cd.wav,9,crow
fe1edcaddb28.wav,16,wind
450357cc0549.wav,1,rooster
d2ab39e4dd1a.wav,3,cow
8776bdb073b0.wav,43,car_horn
0db6f8fa60b2.wav,26,laughing
bbc6b86abadd.wav,21,sneezing
329162942e74.wav,20,crying_baby
43fb846246fb.wav,10,rain
a6b62bf442f9.wav,29,drinking_sipping
912acff24630.wav,28,snoring
fe55c6238e5d.wav,38,clock_tick
b57b1f0bd0f0.wav,19,thunderstorm
c45af6cfead1.wav,16,wind
d483b50a6d3b.wav,19,thunderstorm
bc75791de286.wav,41,chainsaw
323a8bf68378.wav,8,sheep
bb83d17f4595.wav,39,glass_breaking
1248403be4de.wav,33,door_wood_creaks
f7bce1a4aef5.wav,9,crow
3ee694b5474b.wav,7,insects
688a7fbe7653.wav,44,engine
f2a0fae5ad55.wav,8,sheep
1139b1b95c00.wav,35,washing_machine
acfb8e720967.wav,23,breathing
ab86c4658c45.wav,36,vacuum_cleaner
73ae82e1e5f1.wav,46,church_bells
8461cbfb04c9.wav,40,helicopter
8adaa1f6e8da.wav,22,clapping
ef3f02289495.wav,32,keyboard_typing
fc86b71493eb.wav,31,mouse_click
d6a7b990767d.wav,28,snoring
d9547a58e60d.wav,18,toilet_flush
833254ba3c14.wav,8,sheep
c5f209877edd.wav,34,can_opening
ebe0585365e6.wav,1,rooster
60f76beb946e.wav,41,chainsaw
5a9a99917a5d.wav,7,insects
f056d13290a8.wav,19,thunderstorm
7c86fe3c5900.wav,4,frog
63938012b5c5.wav,4,frog
c30b92a0ee72.wav,24,coughing
fdacff9502e3.wav,49,hand_saw
c4a4e937cff9.wav,41,chainsaw
acb595f44b08.wav,6,hen
3e9b0af34468.wav,45,train
f92539888ab2.wav,14,chirping_birds
06a661ebf917.wav,22,clapping
36f8525fabe4.wav,42,siren
a46b704e066d.wav,44,engine
b25c568e3b3c.wav,46,church_bells
ee5ff6c9aa19.wav,36,vacuum_cleaner
879aa106b6cc.wav,14,chirping_birds
50a927106ebb.wav,9,crow
14b6cf77fb57.wav,18,toilet_flush
b86139d0b217.wav,18,toilet_flush
f0c84a435b00.wav,8,sheep
d3fba6246818.wav,27,brushing_teeth
9d800f5eb43a.wav,40,helicopter
722b99ddbd22.wav,12,crackling_fire
0ec9891ed3d4.wav,39,glass_breaking
6cc6c4950e8c.wav,32,keyboard_typing
d5451507a5c1.wav,13,crickets
c9b98513b80b.wav,38,clock_tick
9f27e239067d.wav,17,pouring_water
429f3dadb403.wav,23,breathing
b14cda384f82.wav,24,coughing
bde2087bae16.wav,44,engine
2cc005e26fb1.wav,43,car_horn
2092293f1256.wav,13,crickets
f8fc189578d2.wav,27,brushing_teeth
6dd4a9294e46.wav,48,fireworks
6ba31d09f2e8.wav,48,fireworks
e9bf9537d904.wav,41,chainsaw
b5ebfe3f0e43.wav,47,airplane
d5ef20ff4eb2.wav,6,hen
43dafad2f9be.wav,22,clapping
456904d8887b.wav,40,helicopter
a3cae1be603a.wav,35,washing_machine
56899971bb49.wav,37,clock_alarm
a45faa700412.wav,45,train
7815a60cf1be.wav,49,hand_saw
058b126da830.wav,12,crackling_fire
1eab7c85a525.wav,32,keyboard_typing
ba2ae304d398.wav,40,helicopter
5ef4c41e7dd2.wav,7,insects
e81debbbed81.wav,12,crackling_fire
e7604b5572ac.wav,7,insects
024c91399d38.wav,13,crickets
2cf7703ce3f4.wav,22,clapping
e564bf7108ae.wav,19,thunderstorm
1242def83c89.wav,4,frog
6f80fcbcfe0d.wav,11,sea_waves
c39893f13ff9.wav,18,toilet_flush
db60a2b6f1f6.wav,12,crackling_fire
5be259891c3c.wav,42,siren
86ba7377ec87.wav,27,brushing_teeth
a12bdfc83f33.wav,49,hand_saw
4cea52bd8c33.wav,15,water_drops
a4e35ad0d557.wav,17,pouring_water
8a3ac27c2961.wav,20,crying_baby
4a33637ec7d4.wav,19,thunderstorm
b1de74d3d63b.wav,17,pouring_water
4b1508a027b4.wav,13,crickets
3f808b709122.wav,7,insects
e47d3af877bf.wav,48,fireworks
f94e7f16b341.wav,31,mouse_click
1278a078b11a.wav,23,breathing
1487e108f4f0.wav,8,sheep
b6b2910e153a.wav,13,crickets
a067bed24236.wav,30,door_wood_knock
51fd097d2c97.wav,30,door_wood_knock
bcf2f9468492.wav,9,crow
530e313dac35.wav,5,cat
464aa58e04fd.wav,33,door_wood_creaks
06ece6fb5945.wav,31,mouse_click
eeb8c3cd2b1f.wav,43,car_horn
a0aa7f579217.wav,44,engine
a85afe680560.wav,14,chirping_birds
6823d7702579.wav,15,water_drops
f2d97450360a.wav,47,airplane
61704720c4e0.wav,13,crickets
6e7585dae580.wav,40,helicopter
8f4a1d8aab78.wav,30,door_wood_knock
87ad677c6c63.wav,18,toilet_flush
ed33474f0ea4.wav,30,door_wood_knock
f15d2e8ae440.wav,30,door_wood_knock
53ca50a0c98b.wav,0,dog
e85a31e7dd64.wav,42,siren
92194cf96e58.wav,3,cow
72dc01bb040d.wav,37,clock_alarm
db96722edf0d.wav,14,chirping_birds
82aed767b6ce.wav,41,chainsaw
b4504c6cd441.wav,35,washing_machine
6de51caea76f.wav,42,siren
f0d1b85f3ca8.wav,36,vacuum_cleaner
8f69ed9a4097.wav,7,insects
a418e90a1791.wav,42,siren
a72c390281b8.wav,39,glass_breaking
758b3d82c842.wav,28,snoring
a53efade7c8e.wav,27,brushing_teeth
d03484eedb11.wav,43,car_horn
f8ba48a95fdb.wav,10,rain
739c4e204ea8.wav,43,car_horn
fb18d1b2d947.wav,8,sheep
f73b544246f5.wav,46,church_bells
c0bd61a0ddfd.wav,32,keyboard_typing
fe66f7eca118.wav,44,engine
5e42ab7a140a.wav,3,cow
8d378e40284e.wav,1,rooster
9b0eb631dbeb.wav,19,thunderstorm
719249b7f9d3.wav,20,crying_baby
55ada65c987e.wav,35,washing_machine
6b0d4f0a6a86.wav,46,church_bells
8d94ff977ce7.wav,40,helicopter
65ac51c0f097.wav,14,chirping_birds
bb0199563903.wav,4,frog
4a2f9c29e777.wav,0,dog
1e4b274b8413.wav,6,hen
288a932da0c4.wav,3,cow
c72e08dbb5f3.wav,22,clapping
131fa8515b94.wav,45,train
a70055cd38be.wav,34,can_opening
a130f177a8d6.wav,48,fireworks
3f12d6cb6829.wav,40,helicopter
4270828fd017.wav,33,door_wood_creaks
ee1fd48f77a3.wav,15,water_drops
97cc20e164a9.wav,26,laughing
9063dd6ac5bb.wav,26,laughing
ae4a2d14dae8.wav,8,sheep
3f62350ab13d.wav,40,helicopter
61cf89ada1cf.wav,37,clock_alarm
0097cb01f55b.wav,34,can_opening
3f20469eb6a8.wav,22,clapping
c988e3b42f3d.wav,20,crying_baby
62f6b5b01c29.wav,19,thunderstorm
6afe2c10bd1b.wav,40,helicopter
2c58468b0a7a.wav,33,door_wood_creaks
9c6649db963a.wav,28,snoring
8a8ad49b3e64.wav,45,train
9a02c63d0e8a.wav,33,door_wood_creaks
fc51594465d8.wav,33,door_wood_creaks
e68cce040acf.wav,47,airplane
2d4a84ada6a7.wav,33,door_wood_creaks
c1a3d08da280.wav,14,chirping_birds
413a1f811356.wav,40,helicopter
bd3c10541e8d.wav,17,pouring_water
24523aeb19a2.wav,16,wind
fbf0cca23912.wav,36,vacuum_cleaner
bd04e2abc1ee.wav,45,train
e1f7bcb65c8c.wav,45,train
e51b54a0daac.wav,12,crackling_fire
80bc09f6263b.wav,47,airplane
fa5abcdd9e70.wav,41,chainsaw
1cfa2b9fd550.wav,17,pouring_water
7bf79d2bdd9f.wav,41,chainsaw
2825661d95ae.wav,7,insects
0e7c0a33d8c2.wav,0,dog
81f3e0c8369c.wav,2,pig
158262fd7d02.wav,32,keyboard_typing
817adfa74de3.wav,15,water_drops
f87fc708a0d7.wav,31,mouse_click
799d2efb046b.wav,29,drinking_sipping
e0795a2f91b6.wav,16,wind
c9575de704d4.wav,41,chainsaw
5c8a373dfdaa.wav,41,chainsaw
122af690ed78.wav,21,sneezing
406ec91850da.wav,26,laughing
84d478d10815.wav,8,sheep
688872cc615b.wav,14,chirping_birds
aadf6e533f42.wav,26,laughing
2891bf076579.wav,44,engine
df2fbd7cba8e.wav,13,crickets
1964e8043fb1.wav,6,hen
040c20b20b5c.wav,18,toilet_flush
35745007b215.wav,23,breathing
a3d23c4fcf32.wav,21,sneezing
e9b9009f84e2.wav,26,laughing
cb1384469b70.wav,45,train
ee59db8db2ee.wav,18,toilet_flush
77dca055ae89.wav,36,vacuum_cleaner
a6651512ab09.wav,5,cat
22bdefcc555c.wav,18,toilet_flush
4e56a0fc0711.wav,44,engine
4fa0008a21ac.wav,27,brushing_teeth
8830093c89d6.wav,20,crying_baby
959e23c201c8.wav,25,footsteps
f6123dda3c3a.wav,22,clapping
c6397030e79c.wav,48,fireworks
82a4ff69a01d.wav,2,pig
081fd0f4b461.wav,42,siren
65f4c9da7fce.wav,49,hand_saw
46d2f5c0973d.wav,15,water_drops
0e9403623c2a.wav,4,frog
94f73d606222.wav,14,chirping_birds
af1b9b462082.wav,36,vacuum_cleaner
1785f6bacd0e.wav,7,insects
1566bd04ca60.wav,29,drinking_sipping
389ec1b0527c.wav,13,crickets
8faabb60c527.wav,12,crackling_fire
470acb6ad5dd.wav,3,cow
53aea5dc7064.wav,28,snoring
2e53150f4614.wav,19,thunderstorm
1dc8f5e6491d.wav,21,sneezing
28d65fc0efb5.wav,27,brushing_teeth
317717155577.wav,9,crow
29371fbeed03.wav,21,sneezing
95cf47b0c0a9.wav,27,brushing_teeth
e6d93f552e17.wav,14,chirping_birds
3ec88519fc1b.wav,2,pig
5f488c60e081.wav,43,car_horn
671d9a394337.wav,31,mouse_click
bf679921938d.wav,47,airplane
fa0e83f3abff.wav,6,hen
9ebe8dbb37db.wav,48,fireworks
bc405a8f4e33.wav,11,sea_waves
594906a2a777.wav,38,clock_tick
b89da2958e82.wav,3,cow
26fb89596b1a.wav,32,keyboard_typing
92620be12fd0.wav,2,pig
f91475604f66.wav,16,wind
1cf4b44ac008.wav,16,wind
a15185d689a5.wav,1,rooster
358fb651ab93.wav,33,door_wood_creaks
9d6c698a8b43.wav,37,clock_alarm
fdfba91acf61.wav,24,coughing
8e6633c035a7.wav,27,brushing_teeth
cb09a4ad658d.wav,13,crickets
1bd716ca9f9c.wav,22,clapping
ac21d2f16d6f.wav,46,church_bells
0f481bc5d4f4.wav,27,brushing_teeth
75cfdaa9d6fc.wav,33,door_wood_creaks
306ca980cfda.wav,36,vacuum_cleaner
f3abcb5304c1.wav,39,glass_breaking
21c3bf5041e6.wav,40,helicopter
68aee6f4144a.wav,16,wind
b3122a130748.wav,23,breathing
ce6712a605c0.wav,2,pig
7f153b75e465.wav,37,clock_alarm
7c4c4eba4d49.wav,9,crow
f320be666417.wav,44,engine
5ef752696f35.wav,30,door_wood_knock
0466f0fbd338.wav,23,breathing
5125f1ca0444.wav,13,crickets
3666fe587b55.wav,15,water_drops
50121cf4a785.wav,39,glass_breaking
2b17054b6cb0.wav,35,washing_machine
7f5d4793f4ca.wav,23,breathing
71ee55f02a92.wav,18,toilet_flush
f6a1aa949016.wav,30,door_wood_knock
58824eef526c.wav,19,thunderstorm
e21bfd8803e4.wav,23,breathing
e9b4c0a71222.wav,3,cow
8787d081245d.wav,21,sneezing
1c3123d7cec5.wav,4,frog
d0c7f082454f.wav,38,clock_tick
179f84b4da92.wav,37,clock_alarm
9d8a4d76a0ad.wav,39,glass_breaking
cfbbe6304613.wav,6,hen
b145bae84dbe.wav,20,crying_baby
c6a6efbcba69.wav,2,pig
e53c99e0555b.wav,19,thunderstorm
c622dc9cf733.wav,43,car_horn
4d85c37b6b36.wav,35,washing_machine
48b743521962.wav,45,train
dbb7af212c0a.wav,13,crickets
7208e19e64f0.wav,17,pouring_water
41d4a2287fe3.wav,32,keyboard_typing
c84f1b0b08ab.wav,41,chainsaw
6f4687ce9b89.wav,32,keyboard_typing
6f7d40f3804c.wav,39,glass_breaking
08bcb820fec1.wav,8,sheep
cac353cd8efb.wav,38,clock_tick
d1b4c4e25f80.wav,43,car_horn
7a46da42c4ef.wav,29,drinking_sipping
9103d6e4999c.wav,3,cow
16b1aa2b3f00.wav,5,cat
ab669d2fa021.wav,45,train
f4889feab0bb.wav,9,crow
5518b1cb6056.wav,43,car_horn
7546f5d07d20.wav,9,crow
e7f789a5093f.wav,33,door_wood_creaks
2a575cef1928.wav,49,hand_saw
7c6123af1ee7.wav,41,chainsaw
d15fb5bea94b.wav,20,crying_baby
365b6acb458f.wav,43,car_horn
c2bd591b23ce.wav,40,helicopter
1f314b5c5589.wav,33,door_wood_creaks
62e0cbb055cc.wav,36,vacuum_cleaner
dcb3612f85e6.wav,4,frog
6a4caa1369ff.wav,21,sneezing
e308e135dd91.wav,24,coughing
abb438fde9a0.wav,1,rooster
230c3534b530.wav,40,helicopter
084e3492397a.wav,44,engine
fc4737038071.wav,47,airplane
95631e534d75.wav,8,sheep
093899dfc9de.wav,39,glass_breaking
51e29ddf6110.wav,45,train
32033659b409.wav,38,clock_tick
ee1501c50a1b.wav,9,crow
e8559d4fb2f5.wav,39,glass_breaking
5e295987c433.wav,29,drinking_sipping
211cbecaf623.wav,16,wind
d232303a169a.wav,43,car_horn
e6aec1a20e15.wav,27,brushing_teeth
6aa63c328348.wav,39,glass_breaking
47853c039e54.wav,12,crackling_fire
ff49723a2692.wav,46,church_bells
2d2271a32604.wav,26,laughing
e2e0ea27cd6a.wav,46,church_bells
17f9c4e60698.wav,17,pouring_water
3aa3b77e71c8.wav,48,fireworks
e30234532172.wav,26,laughing
f26e8fd350f8.wav,49,hand_saw
843123f7fc18.wav,27,brushing_teeth
a27afa9f1034.wav,36,vacuum_cleaner
df4d8fa6c656.wav,28,snoring
fbe4ab152c7f.wav,16,wind
22c2fafe8be1.wav,34,can_opening
5a4ffe3d101b.wav,14,chirping_birds
2fcfc7c94f0b.wav,39,glass_breaking
816f202b031d.wav,10,rain
3c69280e2889.wav,11,sea_waves
63d4884f77f1.wav,43,car_horn
04d84decbb57.wav,49,hand_saw
753046d55cf5.wav,22,clapping
0dac924fa864.wav,12,crackling_fire
4c369524ca2e.wav,8,sheep
95b4fca34edb.wav,18,toilet_flush
dbb90acf7d34.wav,34,can_opening
92a51dd33fc0.wav,23,breathing
093feaccb12f.wav,47,airplane
1f1807821cc2.wav,32,keyboard_typing
8454c0cc953f.wav,1,rooster
acfa29c1315f.wav,22,clapping
af6297140f33.wav,42,siren
7c3370a16442.wav,15,water_drops
bf2ddf5c14eb.wav,22,clapping
4a21e361f404.wav,7,insects
d103a6b34ba6.wav,46,church_bells
d124968c9721.wav,36,vacuum_cleaner
5aff2dfdb8ae.wav,49,hand_saw
04b760024835.wav,16,wind
dad240ee737f.wav,41,chainsaw
3b0d8b823d82.wav,4,frog
ca71dc0cde4b.wav,12,crackling_fire
539d4ab42c50.wav,21,sneezing
16d08e20730e.wav,42,siren
850e122ef2ad.wav,25,footsteps
5e87ab9df497.wav,12,crackling_fire
f620f748ddf6.wav,2,pig
ba3ce230006e.wav,49,hand_saw
48eb642f75ee.wav,36,vacuum_cleaner
54611606bb09.wav,2,pig
29349c115fc3.wav,27,brushing_teeth
44b8fea412d6.wav,5,cat
4a9fa3289d67.wav,5,cat
1ae677829a2e.wav,15,water_drops
323cd579ea13.wav,46,church_bells
e421c06c6173.wav,34,can_opening
216880c50f4a.wav,45,train
4936147f0be2.wav,20,crying_baby
0dc360ee7555.wav,25,footsteps
985165d57377.wav,40,helicopter
d1ce7e3856c1.wav,15,water_drops
cdedf744859e.wav,39,glass_breaking
f131833103b4.wav,23,breathing
1cf75f2b79db.wav,2,pig
97f0e416ecb9.wav,12,crackling_fire
5895fe640882.wav,46,church_bells
aed05ff7589e.wav,42,siren
aff4ad3acb05.wav,35,washing_machine
683447c8a7ae.wav,22,clapping
c6beeaca63cc.wav,10,rain
44eed427fc26.wav,19,thunderstorm
abb7741e11c8.wav,47,airplane
f2d073606322.wav,10,rain
cfd65f9bdbd2.wav,24,coughing
959ab27d59bb.wav,35,washing_machine
290f5435d392.wav,16,wind
2d9d32855ad8.wav,22,clapping
d8db285beee1.wav,9,crow
cc1e61567e4e.wav,27,brushing_teeth
01a4ad38742b.wav,32,keyboard_typing
815e6ba3c4ca.wav,15,water_drops
af535d140846.wav,18,toilet_flush
b50ceace2b66.wav,39,glass_breaking
24c0e8281717.wav,21,sneezing
7d3bb7850cec.wav,48,fireworks
72a418425362.wav,23,breathing
6835a8c3e422.wav,35,washing_machine
33255a4f3ce8.wav,14,chirping_birds
f003e591f05c.wav,28,snoring
d29fdd85fa03.wav,23,breathing
86e414f7df79.wav,23,breathing
9f0e6d9e7de9.wav,22,clapping
52cbf17c3f75.wav,24,coughing
6be0446b5b4d.wav,42,siren
85a44d8c87eb.wav,17,pouring_water
d1dffa1e5cf8.wav,48,fireworks
e05e2fc18edf.wav,20,crying_baby
941a6e97c360.wav,47,airplane
4de46752fb65.wav,35,washing_machine
e85c43a0aad0.wav,32,keyboard_typing
9a16a1ba82dc.wav,5,cat
b42307d953c8.wav,30,door_wood_knock
f57a857653fa.wav,38,clock_tick
b27a73687e84.wav,18,toilet_flush
9b7ce24a1d4c.wav,23,breathing
a80a0b908a8c.wav,1,rooster
adcbbc289660.wav,30,door_wood_knock
1c5fb0981b24.wav,38,clock_tick
52fe96c20284.wav,25,footsteps
f44daf584f80.wav,5,cat
0c53fd74357f.wav,20,crying_baby
c5ad1f43502e.wav,24,coughing
68565b0301e0.wav,13,crickets
2bef1ffbd90c.wav,35,washing_machine
1aa615c830f9.wav,0,dog
8395be3f553d.wav,18,toilet_flush
015bf483e82b.wav,37,clock_alarm
1e6cea17dd83.wav,25,footsteps
a819570a3169.wav,40,helicopter
25c41ec01e7d.wav,31,mouse_click
7f2482cab646.wav,43,car_horn
047cb9e65908.wav,43,car_horn
9cc8d4ea570e.wav,19,thunderstorm
5afad8149df1.wav,49,hand_saw
a8d8be824809.wav,1,rooster
b86b2b4c860a.wav,33,door_wood_creaks
e3e6381bc288.wav,10,rain
f171b8b213b4.wav,15,water_drops
b874c9cc8693.wav,11,sea_waves
2d21cb97cc28.wav,34,can_opening
97ed42ed69d1.wav,5,cat
d1177b43e28b.wav,32,keyboard_typing
e4f59929bdaa.wav,47,airplane
542686b2d483.wav,40,helicopter
3461de2296e9.wav,12,crackling_fire
a056322c3ab6.wav,3,cow
57c027fb1558.wav,22,clapping
c2c0452dfb64.wav,45,train
de6bc1449d6c.wav,0,dog
a16d8fe6c1f0.wav,23,breathing
90bf197a7ebb.wav,3,cow
0495fce1acc0.wav,41,chainsaw
85b5cf22f6d4.wav,44,engine
28f6afd0bf9b.wav,42,siren
ab1ab7f66cb8.wav,26,laughing
fbaf6f5ca3c3.wav,45,train
c4b188447754.wav,13,crickets
a2fc0fada52b.wav,35,washing_machine
d1972cb1e1ba.wav,34,can_opening
52421e999368.wav,28,snoring
426e83e68b68.wav,16,wind
c66b60a6e247.wav,5,cat
5da864580ed6.wav,28,snoring
aa14da1939dd.wav,11,sea_waves
28523b5b3f8e.wav,1,rooster
45e0e7151ac3.wav,25,footsteps
a21280baf2c7.wav,28,snoring
a5f04b82eeab.wav,14,chirping_birds
b558530faa4a.wav,40,helicopter
c6e967fb1a74.wav,40,helicopter
bbbf90efa035.wav,11,sea_waves
258b8b15af09.wav,46,church_bells
d23fa651d003.wav,22,clapping
7d1ca9b75254.wav,14,chirping_birds
fd1c01d7572f.wav,0,dog
03a987bcf5df.wav,35,washing_machine
f1c2c2bfd251.wav,46,church_bells
85d3ef8d908f.wav,49,hand_saw
e70a67ba384e.wav,12,crackling_fire
499712026e5e.wav,17,pouring_water
15a570dcea43.wav,12,crackling_fire
753bfa03cec9.wav,33,door_wood_creaks
7af653ab95c7.wav,1,rooster
90a1a9092181.wav,27,brushing_teeth
2858c96f57ab.wav,34,can_opening
9a0865c53274.wav,10,rain
b590b71e4674.wav,41,chainsaw
2677554b4b74.wav,0,dog
40493b577f58.wav,23,breathing
4cfcae7f3afe.wav,42,siren
0764c8a08c5e.wav,22,clapping
1894c6ee571e.wav,16,wind
c1b7752d0abd.wav,29,drinking_sipping
1ee3c75f51bb.wav,11,sea_waves
d95a76ee784a.wav,3,cow
c7451e240b9f.wav,36,vacuum_cleaner
2e584d6101ba.wav,33,door_wood_creaks
4abd5c6d3e1e.wav,34,can_opening
81c532fa2ac1.wav,30,door_wood_knock
98ad4773a17b.wav,34,can_opening
69136c1f27fb.wav,34,can_opening
22abc17e2045.wav,30,door_wood_knock
df6a952d0712.wav,3,cow
20cc21f885c5.wav,10,rain
dcde9f02a650.wav,26,laughing
2695c48e0298.wav,48,fireworks
13cd14d1d040.wav,21,sneezing
12d15d7212d7.wav,29,drinking_sipping
9d16dde5ef5f.wav,32,keyboard_typing
e98d0bc93454.wav,5,cat
1a6b02d9d31c.wav,25,footsteps
064c9ce442e3.wav,39,glass_breaking
ae430f8c4e5e.wav,38,clock_tick
468415cb62b6.wav,25,footsteps
ed3e5d8f4f16.wav,16,wind
ba717ea1cd95.wav,29,drinking_sipping
63c27008a7ff.wav,30,door_wood_knock
862de06c584a.wav,35,washing_machine
122cd2977af3.wav,14,chirping_birds
4bb67aafcf87.wav,0,dog
50ad7ef8e7f4.wav,17,pouring_water
df44b0d472ae.wav,40,helicopter
53ba29c1438f.wav,34,can_opening
713fe1a2cbbf.wav,17,pouring_water
538cb4862d79.wav,42,siren
87a9b6352811.wav,21,sneezing
18c0829e5914.wav,20,crying_baby
076aaa25e638.wav,27,brushing_teeth
58b6be4673c1.wav,24,coughing
11928b82cad8.wav,39,glass_breaking
b86fb6943631.wav,47,airplane
c507f8270b01.wav,20,crying_baby
e69c338dc044.wav,25,footsteps
22cbe91908d1.wav,36,vacuum_cleaner
c3d80dc7bea3.wav,44,engine
5cfc484947b4.wav,12,crackling_fire
64a775a10234.wav,39,glass_breaking
72567f5db79e.wav,38,clock_tick
b354d8adbf07.wav,41,chainsaw
c77cb46b42c9.wav,48,fireworks
d0c52b55802d.wav,28,snoring
2e966c5a6a39.wav,29,drinking_sipping
de41e7268330.wav,12,crackling_fire
6da622d5ec74.wav,35,washing_machine
cc0dbe1f1c08.wav,20,crying_baby
0a24e1ce2624.wav,26,laughing
07e082e91f58.wav,10,rain
6a71dc0b491d.wav,49,hand_saw
bf5e39b13461.wav,4,frog
298509e2bc16.wav,47,airplane
d398b59439d9.wav,44,engine
f7f77f6305ea.wav,40,helicopter
736ffd00acb0.wav,11,sea_waves
016f8eaf953c.wav,43,car_horn
2a8ae2e2cdea.wav,42,siren
884a96ee76e3.wav,3,cow
e1b46106100f.wav,18,toilet_flush
57ac337e9308.wav,23,breathing
2260e72e1b2f.wav,36,vacuum_cleaner
df5e202a2088.wav,4,frog
cc5132741d36.wav,36,vacuum_cleaner
3638c337db62.wav,13,crickets
0557cf1060d3.wav,31,mouse_click
de132774f21f.wav,26,laughing
e766649ca358.wav,10,rain
321a2f0f800c.wav,13,crickets
c9f735aa70d5.wav,5,cat
90da9ae13989.wav,47,airplane
45d8fe6e19d7.wav,49,hand_saw
4c684a8354fd.wav,42,siren
cc86d0f683b8.wav,15,water_drops
9a8eef8e9dcf.wav,17,pouring_water
64284181ae0a.wav,43,car_horn
bb84595ed236.wav,44,engine
daa892a3eccd.wav,37,clock_alarm
9091dd5b8bc7.wav,43,car_horn
b3389f1df5a1.wav,7,insects
df7111963a7f.wav,4,frog
b2a1dc4307f1.wav,48,fireworks
d3e325a2acaf.wav,44,engine
064c859f153a.wav,8,sheep
e21d316d09c5.wav,24,coughing
f8fad114b311.wav,9,crow
db2adbebbcb5.wav,17,pouring_water
7a2e28da66c2.wav,36,vacuum_cleaner
d77aa397b979.wav,43,car_horn
b3d3818b413e.wav,24,coughing
eda703ebae04.wav,36,vacuum_cleaner
3aa623046e2c.wav,42,siren
a0c2ebd032b1.wav,29,drinking_sipping
e5d9a84c3887.wav,38,clock_tick
b95d4a6393cf.wav,17,pouring_water
e61718a75105.wav,7,insects
9c711e838268.wav,37,clock_alarm
daecdd9d5834.wav,4,frog
0fd9a146e490.wav,36,vacuum_cleaner
d654d1a47a87.wav,28,snoring
e417c141e9d1.wav,10,rain
eb570fd83d83.wav,37,clock_alarm
64b9140ca478.wav,47,airplane
112e5a0601d9.wav,18,toilet_flush
6d032544b210.wav,34,can_opening
6c746d143eb4.wav,11,sea_waves
5cf98ae91649.wav,34,can_opening
42d3d478c29b.wav,45,train
5995712db086.wav,22,clapping
2e28a4d02a2b.wav,5,cat
648b436b028a.wav,10,rain
2f8d3f8e08a5.wav,5,cat
10243e249e2a.wav,43,car_horn
83be4e7bae5c.wav,24,coughing
b7bd4ea91af2.wav,40,helicopter
3a4404f55645.wav,40,helicopter
38eaf991eadc.wav,46,church_bells
feec464c6b90.wav,31,mouse_click
663dd33b19c7.wav,20,crying_baby
4a001f3d2375.wav,11,sea_waves
22078037fa75.wav,18,toilet_flush
511d1c02118d.wav,34,can_opening
f6ddabd275a7.wav,46,church_bells
dcb0760e1d5c.wav,4,frog
cc51bbf7c835.wav,45,train
8f721bc8e185.wav,30,door_wood_knock
4360cfff5ee8.wav,30,door_wood_knock
1b9e7da10fdd.wav,21,sneezing
9bd00de4b55b.wav,9,crow
2e95a644281c.wav,22,clapping
a1bb847215da.wav,36,vacuum_cleaner
0727e286133d.wav,10,rain
9dd89511acd8.wav,47,airplane
e319b4a29e6a.wav,32,keyboard_typing
055e4a67d86f.wav,10,rain
831728cb0031.wav,16,wind
a06bf3fb3fba.wav,9,crow
54de8507ebfa.wav,44,engine
3444a7c695fe.wav,42,siren
1b817511be03.wav,2,pig
e55af68824db.wav,0,dog
08f74bb7ecc2.wav,31,mouse_click
5544a4e694b3.wav,41,chainsaw
5d0759a3af4e.wav,29,drinking_sipping
0647bc9dd820.wav,4,frog
1ccd7ffe9b6e.wav,39,glass_breaking
02300328edea.wav,8,sheep
5fea66baf5e9.wav,17,pouring_water
f08177423fad.wav,0,dog
2d304932afaf.wav,13,crickets
